Accuracy,F1_Score,Precision,Recall,Train Size,Pool size,Selected Indices
0.5978040650937847,0.6123220360337659,0.5901639344262295,0.63620892787014,15000,29699,[]
0.5971505130383635,0.6110550227158,0.5898404190522597,0.6338525985076581,15300,29399,"Int64Index([48939, 41803, 42570, 14268, 31295, 21582, 46140, 47293, 41432,
            25658,
            ...
            26129,  8785, 45080, 18294, 33692, 26701,  5732, 47254, 24408,
            40794],
           dtype='int64', length=300)"
0.5951245016665577,0.6060914351115916,0.5892680514342236,0.6239036523105118,15600,29099,"Int64Index([27257, 14321, 40214, 27603, 47747, 11077,  3536,  6016, 21027,
            30388,
            ...
            45509,  6060,  5526, 32973, 34660, 13781, 11082, 28144,   462,
             8276],
           dtype='int64', length=300)"
0.5967583818051108,0.6099380452648882,0.5898031544198558,0.6314962691451761,15900,28799,"Int64Index([ 2538, 39841, 24389,  5417,  8841, 33233,  1410, 17733, 12910,
            44295,
            ...
            25005, 39917, 18881, 15715,  2588, 42605,  2285, 22350, 16871,
            13645],
           dtype='int64', length=300)"
0.5935559767335469,0.6088433234794641,0.585956416464891,0.633590784134049,16200,28499,"Int64Index([22027, 24436,  1645,  5887,  2193,  2892,  4037, 40599, 43974,
            10905,
            ...
            28324, 31457, 18807, 25601, 10018, 28779,  6805, 13680,  7113,
            22539],
           dtype='int64', length=300)"
0.5951245016665577,0.6120122753178431,0.5866954851104706,0.6396125147270585,16500,28199,"Int64Index([14362,  5847, 27548, 45456, 44923,  7311, 49425, 48425, 40218,
            30228,
            ...
            38596, 30365, 23547, 45605,  6080, 12967, 11705, 32199,  7099,
            20469],
           dtype='int64', length=300)"
