Accuracy,F1_Score,Precision,Recall,Train Size,Pool size,Selected Indices
0.5981961963270375,0.6089058524173029,0.592253433980943,0.626521796046603,15000,29699,[]
0.5966930265995687,0.606014173529975,0.5914755732801595,0.6212855085744208,15300,29399,"Int64Index([11823, 13534, 35778, 11121, 43775, 41027, 48671, 44389, 27379,
            14332,
            ...
            49221,  5003, 23424, 43274, 21559,  8851, 47900, 46484, 22952,
            30580],
           dtype='int64', length=300)"
0.5983269067381217,0.6104208924949291,0.591741428044734,0.6303181044639351,15600,29099,"Int64Index([ 8551, 16732,  5829,  2815,  1545, 13707, 22950,  7964, 34309,
            20164,
            ...
            20029,  2052, 30713, 11013, 37829,  7425, 14343, 25410, 30337,
            18866],
           dtype='int64', length=300)"
0.5980654859159532,0.6125740204107345,0.5904068002428658,0.6364707422437492,15900,28799,"Int64Index([35594,  5179, 19008,  7101, 38112, 25539, 16705,   163, 13600,
            48448,
            ...
             5067, 25668,  8049, 22615, 23686,  7981, 37686, 44126, 36190,
            14351],
           dtype='int64', length=300)"
0.598457617149206,0.611778086692784,0.5913032856968364,0.6337216913208535,16200,28499,"Int64Index([16329, 15232, 42582, 37140,  4941, 28367, 47748, 29024,  2571,
            49203,
            ...
            32067, 48216, 44900, 48463,  8435, 41470, 39402, 26500,  8495,
             3142],
           dtype='int64', length=300)"
0.597934775504869,0.6134707212867554,0.5898272320889211,0.6390888859798403,16500,28199,"Int64Index([29790, 17017,  4267, 47189, 46995,  8719, 32450,  4127, 37752,
            41010,
            ...
            28254, 13970,  4734, 34967, 13786, 43886, 45751, 23280, 39015,
             6910],
           dtype='int64', length=300)"
